x1,y1,x2,y2,x3,y3,h,k
-4.626825427579606,-96.56293539089776,7.8178974443140765,16.859644717553035,-102.84266279618915,-83.65561380613035,-46.44748966856509,-34.5816079650576
13.2302649257127,-34.39205244884901,16.006429803803165,-41.55956435247387,20.616753606596426,-33.39233894699959,17.317913634485706,-36.91534143238674
52.47586984434684,103.82180721016084,109.76474157368132,-29.207799802028497,-45.20587623877752,29.790360533407778,39.55962201937113,19.405473884055198
-6.382132038120162,-5.006917907704551,-10.129518280447456,-6.806882473030998,-6.589672373053547,-5.382103927099365,-9.211554955042814,-3.960663177307886
-13.686956097679701,-66.25749394718078,15.150488173587405,-49.5167820841874,-41.391206122082366,20.920912230114695,-20.923526492687174,-20.56110849805196
27.541462939454643,6.787358159923182,29.724005039251107,27.005496297759592,29.880326503279576,9.6534786199597,16.364507783423065,18.213674415332378
49.55232404959088,-19.436089279176265,-125.8790673670593,-46.156604662872965,29.478233783139437,50.85013843758958,-42.0178399744066,-7.565208407771628
-48.29773764395269,-5.595145260323753,-64.62199341016685,6.841524604721088,-67.80659384432086,86.59721809677501,-19.890608728794767,48.57660075792444
-48.60755389669007,-107.64135432211397,-22.478937359029246,56.81846391991214,-107.99176457535597,-83.18318485989872,-48.61043262730834,-23.347441721135056
12.064823301518155,59.45486927124638,-34.958673852368875,38.26116532232289,-20.158700334942445,16.356097548878196,-7.772467449573327,40.7041664588518
69.54934680953392,-41.47948643971015,17.39351944215797,-64.53089688888333,66.76939049839869,-51.69366847996123,36.88045469980507,-38.07590468464013
-14.467742529200727,89.18474239018758,14.451788423699385,46.85727291662598,-39.22359673868207,91.25796234950799,-30.479197374755895,47.1872407667927
24.46303285935135,114.85972022430008,66.146714398203,14.781475395657907,-120.52200188859364,40.49570837398927,-26.1573051204676,35.05673029819553
4.70874990730938,21.44566554799245,4.233193910590286,20.198310431806348,3.3612689115775294,21.141451437077674,4.1126457704157815,20.96272387353777
25.767084286536143,-23.491615864589534,-16.185543822958856,21.624107712911602,0.09350454021914649,54.54147415921129,27.701005944571847,20.386585586340615
41.79374310589968,30.99274607340076,23.596861281557615,26.426026834686756,79.81720221855814,-0.19715402531463203,41.85067163367687,-7.705135683430683
77.68067087405224,26.88971533813368,77.81042867378135,26.30032497631741,74.25201058338784,37.2024179226566,25.31746121449271,15.247252842832552
-36.48017813515681,3.8259476873789326,-21.160579441714596,-105.42558370851206,35.65344194771757,-119.00826890705532,23.70074315875982,-43.43204274333207
55.141236645746844,111.0889344683616,33.639245040503475,-17.291086211203027,-19.261366548089587,14.911670587415625,37.19401069567134,48.104765820604555
-52.01195673990405,18.448898995760274,-52.980075903602156,-13.474687173613427,-17.537969495562837,42.404696184381436,-14.585898780808812,1.343460815999606
-9.089657069761405,50.80903143703427,-10.378901057250948,46.405410383265384,1.1035003396728433,51.55690964352287,-3.677772553613444,46.85977233788542
-44.48439304381276,-28.877743208183407,-50.30165756318101,-33.67073143354585,-42.559008404456215,-29.098877772538657,-44.25111131110544,-35.069282005562684
9.513382653639324,51.3367527419902,-48.39422015681537,-10.582944637361521,-3.720463897626247,8.060825805704388,-45.13944877214379,44.406799193492276
-22.233074050656846,-77.75753005732709,-48.21300112313448,14.46312854249609,-26.721955986670793,-77.52102089134422,-21.748461047169453,-27.842456403864446
30.425009160181364,-17.63280192236924,23.752780917094633,4.7022136268311785,41.00082316704961,-22.81581885922282,45.01952253870718,-1.1410392636219981
40.60915416355385,2.170306437763101,37.15712992517748,-10.590845093469715,33.10568082355279,19.483966724088255,16.33554898883017,1.9087207359476963
33.072216199785686,30.316516274153116,34.90790335303499,31.43663075478622,28.763184787954344,14.88784338510311,40.82018369534754,19.85294432529028
41.21844189481382,-48.92389544729948,44.26450364907768,-49.61527855859247,28.917258788573147,-8.863769307908216,48.43480127937076,-24.76959998135191
-97.81349784590778,33.72134309859091,-93.96669062230828,71.58359118382465,-56.04664031115688,109.71826878178844,-30.076315526659712,45.942283377859226
38.45828859631816,-38.82684351523267,7.4625242233617515,34.09841589621006,38.88685785759579,-37.91090036093829,-9.097295923209089,-15.997256736817597
67.31828195583458,-82.37762998040367,35.778751134028184,17.065656021948048,14.134264084692413,16.69431710122856,25.955790525817264,-40.77971671636548
5.3343364916217295,-8.897670513777198,91.90578117470197,-20.32441018535265,8.123187689632408,-43.60459516019084,47.51732485833185,-22.976637175701565
-22.06572644528783,-100.611568586757,22.794991518760526,-81.80889663432912,-110.71939138303709,-70.25632926899655,-37.46849348803657,-0.9503419384937146
-3.7955867788300455,-23.738418192245767,23.28966004810333,9.009478958236505,15.464071962150742,-5.2616409901337935,-42.40577089364533,35.7397900185301
-0.14000832687062756,138.54653545182722,86.57073018758093,110.15563838447275,-81.4828695626044,54.62398281162893,16.083122659598843,41.41737350390726
100.87209381974164,-36.80712714236118,53.40473956399266,-106.61299800097407,-14.260541779035337,-85.3672052559481,35.982300442991615,-43.72907850032297
4.170691185041148,0.9507676323041295,2.3987957865444263,60.176476231786694,25.36429957136442,12.149033744935839,2.0863394365335566,30.524210125184027
71.96168324427705,-41.10997487074036,-63.51296515718416,66.66816058299817,86.49937315418772,71.00347112337418,12.802458267186225,23.55854298972224
-86.09278878035687,24.71669138762089,13.4024828931718,47.55316794679924,28.25012977423965,21.428589503967505,-29.417287417490368,5.896225276088494
64.17075415299416,21.326532000154447,30.504190478310523,56.086314103823156,-0.3913401907604208,19.239887029395113,31.78565246025002,23.65159007715421
43.14735943545197,-45.01324416082224,30.689227657893177,-61.0947671297673,21.161454227275946,-48.8683517009931,32.638452883138086,-49.73459305691893
-14.429500096569551,19.397593825560918,-14.454410776067208,19.425072320309436,-15.39492642827471,19.864689331014795,-15.22887587466267,18.970605176467586
16.218322569814994,6.566063401267524,-2.3120796373551697,19.22466069889141,1.2965582656037098,3.107947555867736,6.903088560375316,12.822692262176908
31.392674125269124,-13.501901870114066,25.452138280604856,-80.33042572736332,33.09075543965837,-14.710616653006722,10.228567959271203,-45.29579794076337
52.627670289208226,-85.85235550947512,-28.925300870076516,30.718182643792332,81.22135634761194,-37.7550686155147,10.67950232193219,-28.399020565423438
86.1556906328293,66.60390294976686,-20.86263819982618,12.632422736289687,75.86567182460672,-42.309449866525156,44.777558055184045,15.575948567495828
-53.52482263393464,0.19737817316800113,-28.826928274524303,-64.54534360179127,-42.645894771253786,5.952875803357257,-31.36060539382801,-28.436533743739368
-125.45414923121956,3.4010498100996864,57.370992235515374,60.48010489881988,53.069999503224054,-55.29819077616153,-25.81924328732722,5.609525875176317
20.696012896652476,-62.40838298271362,23.752608324134535,-59.02583307362085,-44.72764782811561,-81.82424273668504,-29.22316741437816,-14.11789960824963
-7.3057035411963405,-26.106159752915286,13.238850980901168,-27.968014488123828,14.006391983412199,-29.18463508111044,2.1835773870657817,-35.653034990214884
54.699299919444094,-107.25514318496799,85.53196318750815,31.13426948599398,43.967438116597776,-112.27713670596074,9.748239766360513,-24.619615474127443
-37.80123781317526,72.61730599357793,-7.508576950909718,-7.712363232875516,-87.35221896525131,57.443765814283275,-49.51504304788059,22.32139246187839
4.164117116982393,87.56502431244989,-28.599299221906477,87.57525700518819,-60.11949290026566,72.6028510909322,-12.260980894819284,12.383604524590666
-7.440178953450421,90.8976157384656,-36.71002228065607,30.519249541904674,-2.2880990792380285,92.87890778119733,13.48633190901407,43.48312620299191
113.22265851124514,53.88403234809905,20.24833005250272,-114.24479867687585,135.96064378118993,-58.75542948331243,45.46562992597249,-18.418434419618958
28.238962002063882,85.14226547813308,-17.818725909685664,-64.15186519972013,86.71947629935704,34.04951720385985,12.566212939284057,8.21975121705033
55.63001651443458,1.1121167619399464,16.221190974118823,63.57541970659547,-46.234837931875255,-10.52574062839315,2.8517291673077025,11.49117400554288
28.329165713136813,-0.1846514118578719,-17.96591485717607,70.17403056384369,-17.49296899166468,9.917575194376118,13.233021304305048,40.30676174475438
73.64991515072956,-36.95557712756724,-20.183185328397077,-38.114837585235016,65.12947356854559,-41.265507451682055,25.68730972962861,47.44262342506798
21.198797073176504,33.05679309113726,20.99651386143205,32.893188643839636,22.72266518512206,38.650703214319904,17.954700494359884,36.943930971133426
-41.91462695097299,-28.776784891456387,-0.3716813867407633,91.99515695316715,29.34165629507697,90.79154631377357,11.595555320854203,20.350035719732404
-20.69022483478431,-32.93838449858098,-22.679726146585143,-30.822376376570965,67.05572460864536,22.972103479890812,16.958152500660518,4.758326039193207
6.260820642858322,1.4107632661997076,-44.74529971405005,39.798369387417154,3.883980851843457,14.767181300634043,-33.886298849374526,1.1547064835109708
88.85503959402622,-10.138109941852804,-96.30900617763622,12.60543359494001,-75.04855423880477,-63.255318272864045,-4.18737675200277,-2.4757815900996007
88.66948889614189,44.703488429426464,85.47195125437152,2.389737048285401,75.10054755348777,62.98315131080114,45.28030719228673,26.682344860709875
19.935760142540012,-62.15729561522869,-37.679724974957345,53.59446071263573,-81.50377279250498,20.645572714538957,-23.147618142692995,-11.377017508955959
21.791181996986428,-100.41586609872444,-17.183781347061636,-47.97815514654601,33.3350585331642,13.82122617295551,41.9265228036834,-44.75991078528436
-0.6950480426984376,-30.460504083093706,26.148426445428832,-15.129205468151142,6.136187629339761,-31.47564789008218,5.772934411220618,-10.611589962859739
-72.47881835810283,1.7626209765766616,-78.83468471421051,-6.354922607201148,39.39918881348415,-12.200700131196957,-21.471438784705267,-44.74779493462998
-44.410026182098164,5.779687611808786,-26.546976714230915,42.76381457994708,-44.17195687279466,8.143233405151506,10.975394982522289,1.8297909999040485
-33.73446468689273,-25.849574207676383,12.57158059983942,-40.0579853988208,-3.3092879403222333,-15.566139836518643,-12.387492515123867,-38.846326407691464
-38.1759252487827,-75.0296490305524,-124.77553730028558,18.86476686469707,-113.43331733510291,55.652207063364045,-37.79373509405801,12.194404181211517
33.13246572495491,56.719474921650274,-31.526649560967407,11.574631832945586,57.98949057708616,26.652640705380218,13.826094881412423,15.481541218338151
43.51810713507882,43.670580812746564,39.299427401027536,14.26405342304551,32.62954108933291,4.407667710504107,-2.289881905896465,35.246536322343474
-14.327931052422285,8.520057986079197,-15.111576708870667,22.803041785741808,79.02204761326672,-38.77011280920598,49.70042341947388,19.124901233027188
79.03001681047866,-38.21890870765697,-47.87458963782119,-71.01738206248183,5.137251832751096,106.32430773210879,-1.5699729822051225,11.738093774822481
29.43791641353609,38.531468520412474,0.49657874347595304,46.050206326499534,15.114065304584704,14.053161396354557,12.316000034304622,32.1169220871752
-13.588801397144726,-35.053737383161796,0.8288771850969708,62.245790730968515,5.038279034620459,64.61491346973268,34.30567020601812,7.5744491911272505
22.634333502811366,65.13816975782808,4.750801911948889,75.48438975923432,23.09210108284488,27.65186333760821,-0.33852871151110264,46.10136278020029
7.063979225864138,-29.047451911015763,-52.96727889109376,6.260934758742558,17.673548802874425,-22.9082231641518,-9.359525969703512,11.721039546328363
32.05655386065228,-0.5668757060062286,15.374793983276954,4.920014005337806,16.160413902428896,5.845481362474126,22.797253244121507,-0.6210321781680577
24.293066665443295,46.021951735891534,-13.329133483558687,93.6799756051506,24.562824385461433,35.68862214984849,-33.17095496126308,39.325892281632335
28.797752387099177,-97.2842183530246,-60.433308389951414,-28.642884084585855,32.154895893883136,40.589080069908604,11.164582264843922,-27.868005118986083
-17.185670566719587,50.639022629839125,-31.955442482435657,40.48308503749721,-17.855915732781856,37.89481060090048,-23.920413628430293,44.589386899888865
-45.94485305686069,-30.83298243035884,-46.87601840316156,-26.955390550275354,-24.16771843004718,-20.966360501624084,-34.935401453996874,-26.162504434746793
-9.890485540511767,-17.008607818195628,-14.033785700686737,28.83341766417461,56.532411790803124,27.680197954980635,20.940294317726412,8.888345194507885
-56.36275709214405,87.6262605756001,29.167731689170026,16.007208438391373,-119.80979201867237,-10.524415254402296,-46.96038655708619,11.960108219068808
71.74464754179994,23.277855945690856,41.81364748925133,-0.4452784524694889,58.910693351596905,2.1331900935211916,46.86999318604454,23.906892697220215
99.30986975607523,11.549009916163325,38.42504338759584,113.11773856046975,-49.90404852836023,92.06444450993666,11.961136271557436,28.214424211031087
-45.23924842601156,-82.54925636791941,-85.87995740275858,-22.42578192130533,52.145218626727086,4.619583862412538,-15.005496801085194,-18.33173962575998
-10.330394568565318,-67.47584445017989,-7.593132795847184,-66.31090947650348,-49.92345651176285,-35.09450029515914,-20.583203559896578,-39.62863624984817
95.85417089372274,-61.84111394687396,-25.102451330970585,-13.522721280279178,-23.392779376004,3.170451314966919,45.4938831068678,-12.371425819742932
14.10936592409977,-39.9145892044988,13.114074404209221,18.440100937060958,1.9565371556446127,23.78349803197808,-7.845007245028789,-11.108923931008455
101.13838264973411,-9.80335018334666,-26.603314667880376,-85.47859570664865,82.96534683862222,15.19372378052442,32.90749357262611,-40.292166157940876
5.454411246006513,71.5681615697202,-23.80528137358524,-100.93238255953314,51.64861370945923,-42.226855615701666,-33.56319877184568,-10.54236819711084
70.19834835706155,6.784927851098228,53.71367739860619,26.87540956050462,51.04923665456746,-73.13985005169353,14.525941697548916,-22.1250541490434
18.43400957647711,29.274498998899304,-35.224262476295614,23.485820266957745,-28.76075782538525,18.526661727806513,-10.789842803199456,48.52952748200296
-5.889835976074769,-6.299613433468638,35.29898990732943,16.148643576857005,-3.863019583336369,-37.259318897677275,28.09874339879505,-19.626649838538412
-47.0102296409159,-16.256441954134083,-48.81399357704985,-17.734552915758417,-47.052931161725255,-16.213913214163036,-47.740654449086165,-17.206074723363706
-54.72398318210154,-45.5222242434233,66.43271417092407,10.406063787818377,-35.56084152633103,-83.1249203570297,13.639270555431317,-34.40970110598579
58.63811545352602,-98.63615183766295,83.73847058213603,-79.608359174565,-39.01318555834531,-60.65466300427197,28.186100272671865,-32.40390304860221
47.27560659079775,43.84592117471645,-47.05529866592412,40.515367761708056,-54.26149235476105,27.149231155145355,1.3919394519077315,5.845516191419179
21.936652099708915,-27.763345423435524,12.696635523787176,-25.75159387236784,47.390573986649,-10.318807343500396,22.805991447672056,-1.7615460601442692
-48.75252643186078,-13.043401063528409,-52.63104540496912,-24.652173493470936,-52.28137072810174,-26.3140849671806,-39.00077929876509,-22.750715784290843
-24.136145614366615,-60.9648221720174,72.92469067714387,31.265497677446366,83.38937560481139,-65.4018758805265,31.310621922652658,-22.13799560698112
-129.88788135301763,16.622994751663388,10.726963211073093,106.95535790225513,-85.35305162795902,119.6587444786618,-46.74138647952864,41.80496819324645
15.328315060410896,-22.094631947153573,-36.016750771968326,-45.33126337486381,15.331879645729275,-25.845052336479966,-14.781225094900272,-23.882815894748035
23.38700282552524,47.63939721974619,14.64729745860371,-7.006954700010872,41.06549778665831,20.401279938155305,12.671895561695834,21.332101288126182
-1.2802825653744259,-98.80209087718443,22.932414228490927,-75.4554211067802,-83.607964588503,-24.798756008846922,-28.52904787544751,-46.312665382038645
-55.489597035555335,42.78439815594455,-57.88518235005657,-44.566766296725696,-91.1677510293563,5.784568916271553,-46.92590314313083,-1.1736574417405592
106.20848756249644,-73.44875546716021,-30.047379036302157,43.27089154328672,74.37164644755848,53.39069956981421,29.311256497146886,-25.313195654736276
42.76001928986755,1.8149047393561761,27.206885566569923,-7.038355227875659,20.01097933376936,4.358358338375252,31.43484120301686,3.6149965365251617
-14.35721944434149,97.19104788553054,5.552578903222435,-16.272293089726595,88.27274901077604,66.79847429107323,26.2576155225438,45.840679649726496
-7.590627375919646,24.873633894161124,-11.565398430159288,12.734099275950983,-75.84527271709358,29.80748685984618,-41.58297774858247,29.223103973615324
13.449223693157693,69.89233385019155,18.661362211542734,29.19665841371075,2.875929786805218,1.0083489091256062,-38.35494782829206,42.60235656094497
58.90436341439247,20.47858969387174,51.842689496605935,48.20652640320714,54.05602071626558,46.863735806824394,42.989794199420444,31.200689314018405
93.77236708582808,3.6841149882849837,-16.221791262806114,-119.11244491585218,-46.951478169972106,44.909398785629065,7.571052772681078,-29.778474168854252
-48.14501104575833,-87.77418370396896,5.750851136544742,53.64328645443658,56.38769298131214,-78.94651920510958,-0.8400483907104217,-24.838062759836642
34.852970701410584,-23.575233035906717,-19.40401218628156,-74.09755331767434,-36.06058112698308,-68.07386024285015,-12.042333032054778,-27.60645644281674
-30.352778523230675,2.7560498003982357,60.71020497166061,57.58477515257864,116.29850795542328,-47.116433521948494,44.33101397195924,-18.228810112140202
3.054263648698883,88.12878201711862,32.978972217116805,-13.642660856516432,-6.411652885739018,89.88283449306192,-12.895310342900721,28.148182453835574
33.739625034446235,56.05793134329535,-13.893872997775377,13.512916750951366,16.088089881061354,-7.142441186982561,17.233415808927717,26.60434311442681
22.180000543489683,-65.8335893550892,30.779299634476658,-65.86878650151483,-23.23988555823792,15.007170227757646,26.68099058164401,-10.117744419958797
-9.377056006257135,70.20230717784656,32.55937294730925,-36.14203709669417,-91.14724914761202,21.23517842791378,-24.552226817507915,2.782017749298035
32.31961421252317,39.261058831513964,32.56586426058884,37.05221862383797,-26.07327667660186,66.54543555962113,-5.718987908228655,33.96186552863759
-74.9782121865879,114.52720513556912,-100.76756380229959,16.23225765122102,53.29724032467695,-7.499809228730376,-17.191680369976773,46.84776820327289
-100.73022441767752,31.837153935702492,-73.90303826782988,-8.792570390617083,-95.8318982275962,76.15648570559385,-33.81856510276782,46.85494525377368
9.608572100312795,121.08451625993517,66.93685856327606,37.25187821877832,2.758326638007256,-53.964587574788446,-26.576212864413307,34.83547773693928
11.16335228556918,29.23803195096216,-26.841222466286304,-57.06335745220772,19.1090343078291,19.107635261544676,-24.14972608378909,-6.744346051877827
-23.40131069321024,18.93774227593862,3.1737768502349657,15.587917993106604,-23.67775806668509,18.649030753736238,-11.343402310785798,7.451973495355425
-17.151723676898342,29.716074628809192,-20.803041553316973,-3.0405706799209717,-0.19240628569641213,23.183988261301756,-13.958227784035103,12.778669145035174
-20.348497164020376,-3.4764472699587046,21.96466768757997,-41.86411208717212,-36.04864891905207,-91.54267729819675,-22.63247614941615,-48.498229053969155
-60.85337728866483,31.943978371529997,-60.83988189826475,31.814681900965095,-40.86368952243795,84.34508851902612,6.883228704357883,36.1055258645477
-69.06065997431958,-10.293070906056716,-70.46890249012266,36.371873017820455,16.711293597182397,52.21248565460928,-21.47247731899522,14.497974611503011
-31.635407462831033,54.82018679655794,-9.182651167438268,73.32058767218922,69.92161640181763,-11.222119656804185,17.040851442851476,18.565136543167128
4.779721329601273,-40.19571325862023,6.676857308940426,20.69461499994632,51.584013194394466,25.96493135868008,33.10242002354322,-10.602538724337009
97.96874958047077,-38.90038355818509,-50.351424901549024,-121.09260440388964,-97.89300776081322,-47.24735205412178,-0.25015903958810526,-36.588089024293765
2.8207297607133013,-6.642782219928115,1.1908519056824576,-18.070027683352528,14.278777362088952,-19.426313440895598,8.312107234562973,-13.269935300395275
44.33581956821702,136.85879092146982,77.81352774068344,-49.23566270080201,-59.46761933173606,63.39315023867134,35.540990577063155,39.21126693314109
-37.29396480148387,58.68165828246925,8.474800311508524,-21.068957714045737,21.359175853272102,14.374676535424024,-26.664060413247427,11.789729705102992
-37.45755032841151,-12.189551068924438,-41.47624158985646,-30.660671803729098,-42.71647729246484,-20.696862868507363,-27.986486791282626,-23.91970785444153
-59.40131193034896,-56.961048324605784,21.068085756668783,-47.79329035739544,-124.12220644343716,13.281973039186314,-29.203777243573835,35.78896463665903
-46.7677885846547,-35.86170752750585,-12.842056606934436,-66.70729795422557,-35.20771586501627,-22.411784543594855,-23.400630258156774,-44.25022178814406
-48.6845479373943,64.16288901115774,-29.573149151695493,0.2745303100283197,-7.342179581114952,23.351663853920567,-39.502735803975,32.10525614720801
46.32768678066822,-41.25358379642392,-112.53138825540671,-0.2321712849431094,18.128207596646963,86.4790282837831,-25.188308445302564,9.956298768179884
48.570187050100735,32.22131742873811,-34.66756628920758,-82.93745823468932,-66.28429490297994,-21.371095547819742,4.7821829722144855,-23.78609399328173
-35.46008753784502,31.651945642678662,-29.72512982047021,51.358435927719434,-29.630785233594825,25.13382889307182,-21.46834592778355,38.26713360362291
-38.13448798600218,-4.1227124748380035,-36.80429210243715,-3.750797749951897,-37.51208115961622,-4.390738960282132,-37.56608730732219,-3.6098741440740767
-3.9895423176704186,-100.99493922298856,19.71531318225834,-94.64984864178508,-53.320182112838474,81.43227222083254,-16.558960377784658,-6.515441425066605
89.96701789205679,44.537675425073836,89.31405611557801,51.425948612306186,37.201888838350825,106.92964148597476,23.19024469437292,41.553945511809275
-25.740481585988174,-22.997343505177337,-42.0241779595092,-31.314647665889183,-25.179564117350214,-14.671616855493289,-38.59711492681637,-17.92950849934536
-9.78174074413315,12.732713848165025,-8.803787146167949,11.187335268004338,-8.849979423437064,6.100934866057336,-14.403752468410971,8.70231348918665
40.79046441571968,11.726480036294468,-28.56059251775573,101.80574921898038,-130.14347229211847,4.877449350008529,-45.05088993840458,17.39972516077725
-22.201640281061124,86.13975703343817,6.353380445436879,-11.238733949742903,-13.577112753510034,1.0900955443177978,29.416618660664255,48.411282444460596
53.44424407587713,-27.14570640213,-84.25565765425425,36.44849288183672,-83.89945639418953,44.90797763709886,-0.4491117576409991,37.04202950526091
4.9311791643614455,29.941782300493944,19.573620954649567,-49.31329115186886,37.26703986916698,33.359580149209904,25.236348199342444,-7.296628370802914
27.909195648683163,66.30449197072043,30.583810941714493,30.31946347582623,23.76447787206662,34.585035965365435,37.43098306103845,48.919863763830264
78.3438503399731,56.506730976421416,-15.058533014744741,16.543466766361586,58.985191241460434,68.62379616810267,40.05604342672355,16.849533790926003
5.448178704571796,7.463044308345224,25.586068753117,-23.946518426531686,4.54712776369546,-32.47999888598272,8.732085672586074,-12.586732890558196
-1.5662186854669757,20.69767110180248,-30.279434991254718,-62.29406768750703,100.78612272874365,-32.964556843192,33.03353319529006,-37.732917786524844
0.38921674019053626,50.15083143254258,36.1688368748686,28.954428172626802,14.978483264887043,56.081759113677386,15.27466325358138,34.48729595714457
47.51075660694329,40.50568275556981,47.960349738523234,40.282635423390715,46.661495392516365,40.37542991310363,47.24384029136782,39.493316229853605
-41.22737104069231,-130.37031641913356,-133.34601663769413,-43.08480201649709,-69.94420105149305,-125.41964603023494,-39.905621813814804,-36.71803547646808
-2.3809428433348727,8.642104264854241,-0.21585437840886632,10.832889699124532,-5.419215748181858,20.279357789310012,-5.649749603684498,14.007745579777136
51.16819457844143,-13.337951934917005,47.68995195302276,-42.93534228223642,44.128560602727354,3.7727399991871526,3.855431280220131,-22.799481610891416
-60.87524490792378,36.23432443334442,8.558322335186418,15.105896150225648,-6.654157573426952,55.48020271716793,-26.35731076143396,24.992039868357352
-79.44175653689771,4.0692188654366594,-51.29829830727045,28.69012373338868,47.945488440694945,-78.345161002087,-16.935073269541434,-38.974268660474905
-35.79271265352438,-91.33820862449228,-103.31341212469393,24.501699762428753,71.62781874780252,-22.03226118210898,-16.887553031997882,-2.7074473083140944
-20.57353780220772,-47.78303938260126,-51.2191124337775,13.532880899077467,-29.185193896181207,19.682040723518075,-31.423224510327497,-14.891398349641975
32.471699348325856,-30.89980042316887,42.02759715185508,-50.50498832421419,33.06108438790557,-58.936545783401115,28.45058441484332,-44.997830741635866
-96.93094654841381,3.084314303105842,-96.00170052694125,10.025144410911494,17.010150657825665,45.32989594218223,-30.090433058323107,-2.4182264516079712
33.66148271593979,-4.8312310548387565,32.89597047974371,-2.943537286149379,42.13914242912743,8.782964814729125,41.82595646509077,-0.4623187226624168
-106.79541274331966,55.69730424311554,-133.0248030386434,-30.03656381768054,-33.69434196464121,80.19812030683453,-43.97021311110593,-10.410482308804895
-37.87283952771848,19.112200134320158,-42.76555024888335,-28.038917114512255,-26.714645173944973,-51.83311053213784,10.079913547393993,-9.687721600577412
75.34751131643841,56.588536426103,68.48134256879864,-59.520235483247376,72.10988247668863,-56.9653206682119,28.526596617269576,1.0984330234848798
32.03360245743866,-10.649120356354123,32.75552795950503,-50.86597913907342,62.85044242855534,-42.11576385225677,43.169748854534035,-30.579241910292843
24.774263045818188,-37.743158306186785,-64.25054243905275,-39.1712891804978,-31.166064596317327,-83.42949549941969,-19.71248486493099,-40.369902210249954
-12.121756675650389,63.71791024537979,-1.6361927239966216,59.64479185172,-61.59193045397966,-97.18415918110195,-37.457084195717414,-16.546573866901845
14.10577929048599,47.68926890494041,-3.116989741511612,23.52795145401178,12.479544604233451,27.519467949599623,1.3557109751117693,38.565548942834994
-37.62021163754636,17.709908856854543,-48.62146763004201,-3.476350484071317,-63.41648558350528,8.768122572670459,-49.55649231444734,10.480767597015493
114.70087348437384,11.980119199696118,118.71552371576425,-17.107725033423353,-38.25403798178244,-51.489563746962084,35.73962492147025,-13.782724509094955
22.40153029104248,33.998859290326635,54.48134313536387,33.2648591767163,72.2541063804767,-6.375800883948411,37.74408848620173,1.965947454542615
39.435528534948915,18.87616701759934,38.69703652398725,18.03461290054826,40.457694832743655,18.787425047442778,39.86906384844171,17.75278178299679
-33.8189512157573,59.46865334539661,-29.55692682484263,5.340794341846529,-50.210163410416556,1.6355259178359949,-44.87164535105751,31.374452599612397
97.81853822295157,-73.68244806217345,101.32165987975755,-66.26691915419454,33.027193198911604,-114.41831980427416,29.516840795318714,-36.95682871767496
12.9891694228636,26.395223741696896,7.276577983603096,41.70719369322622,8.320257072928145,47.27905300903113,28.012077605263116,40.719485651353665
66.71430097388746,16.79881509247053,71.95790336179991,23.839117658904982,69.77859987601592,20.28422071747273,49.138157014475496,35.380785629163924
-75.46362457010954,-107.53163844545605,73.07181862498544,-36.51020933124417,-27.646105995517747,-120.66606010894233,-25.78549346975707,-20.536007958638514
27.084780755244864,25.484077622136798,27.795955923854315,24.615701137769157,35.79368352460891,23.755680334326076,32.37959275991855,29.381866537807312
-55.65537008088501,31.27230046548836,-50.95169076255684,37.9477128727758,-43.455618738980846,24.001775128571392,-47.73901740804867,30.67989786298463
41.437706773661624,0.9321320485862763,-21.68598855278879,85.19849857947703,-81.5509874748726,-4.194744487351402,-20.94540468376731,19.97361562302929
-19.982034057611134,27.151194583336146,26.76378082002895,28.546981134888494,9.450554170707147,14.850345246154797,3.0009849885489714,40.784735174729576
107.94203397079433,37.81791063057298,56.754548205105316,-57.806446213152256,-24.062582014417682,126.13292170712097,7.29712041909395,30.187988399843874
-54.77347924429557,12.005699279154404,-21.873413204263628,-59.27864746915621,-17.33132620284513,36.5376029038113,-12.504942757661361,-11.707426880788084
-32.31222960225658,-0.9334352648221366,-9.968210685090439,-30.825484264394323,-19.936111031459856,-26.530571712283287,-3.8370602910064306,-2.946725492627536
15.879179099028734,9.128934855364353,15.766735789712092,9.19721858675602,15.956145685883895,9.200049369483033,15.847537349880781,9.203230599869464
-2.150111213744975,-63.64592856475908,43.75614765207722,-72.726922421099,36.109057330938896,15.322080887083398,28.412948621155437,-29.70400549524933
23.19179856337034,-24.53736336936382,4.012213511248599,0.5074504025803445,-17.030945239043998,-2.666933523880265,-2.9727631588787133,-24.734519649646437
-61.49864362105921,-38.32187270520398,0.5413411015860141,77.89657815430758,-46.59060005657587,-55.39030433198195,2.315075320761231,2.293265025303967
45.88661635902824,-46.26588797499711,8.442056856212433,-9.993555280501566,7.019839136127619,-44.43467874807765,27.274770116636276,-28.010413862219462
10.496751303790361,0.60066381039316,-21.024100184872225,-9.577690555591504,26.017098885517196,63.498762190132645,-20.045478219787572,41.49000039406776
33.71275946645052,-7.072125416493922,30.829336962173254,100.54034977069449,49.621430776369486,9.991240851185154,-5.834713097153831,45.71330051180388
49.401402708060274,9.502259332170187,45.18652278063742,32.50013286345339,50.98185438708797,10.86751478799949,41.738084018165324,19.98692692917146
123.22508062431149,-93.9131635171201,134.52659903582264,-26.574404701124934,122.55679340562614,3.4132123903290736,42.88764917108304,-45.80218864925673
-104.48463353745673,46.64704293551749,-102.39790112275493,32.77550799329442,-99.19492255895491,76.77183508517898,-34.77217184647242,49.98470897090918
37.84914181152994,-22.77467027761638,29.634199592179392,-30.910267930276284,19.386857167109003,-5.641682044712489,25.06199750125664,-18.031617527067255
88.00372601150092,33.516271236043,45.59159374467105,49.94865724692746,80.93803681260448,38.96359529650493,44.69889238859788,-15.314185984977613
-72.67463696156747,-79.26295070347305,-55.78628650092797,33.60559254575573,105.6348116798745,-62.31519934604132,13.021151620171032,-34.384079531130254
-62.27315456359873,11.197896485868402,-55.91145112603935,95.30558760956055,-73.55575020307734,36.84899360815615,-9.921101709682404,49.51252733608624
68.12036945887604,-35.98857225888368,60.31376998337634,-24.428010328354787,68.36404616525475,-48.00660631902302,46.041869070910394,-42.45826084382897
-109.16583622312812,89.40231329197998,-125.41690235624526,34.282781934116,-118.69774673641179,5.568910150090956,-40.17577975754032,39.08086590086309
77.48622717546883,39.010324655535086,7.100925808360654,18.585414180153673,8.756882431823483,30.646488821001512,44.98745342105043,19.519199087389467
3.2116047224222384,-54.782507843008915,4.577426353229044,-55.98348489057987,32.411165636502545,5.144199430536288,26.812940341923408,-29.208821656331207
39.97261619119291,-55.607339581320694,49.80781795400044,-44.13754676251964,35.215828523069675,-57.979315316226526,26.042632844807983,-33.672680444563326
35.58101332089022,0.03532759757293785,50.73727159117623,15.130247628382167,33.53587096299681,0.23400146712962341,36.110168550019324,14.648425383972963
65.2014600637107,79.10070308616622,-45.89970138403487,-53.16735798424821,-50.48273365593079,27.522808693894113,34.75906730324881,-8.130759757284636
-28.852975511937686,-32.26181856873904,4.6128567016189574,-21.53859441986137,-24.286143621688954,-22.383323200431562,-9.470011636287865,-35.206139125624844
14.34166149299678,-85.95458970633814,85.42990506489424,16.591304867611626,-16.62491250542893,-58.88966566681152,38.69605993540806,-26.931085200841064
7.4820230119273345,10.753533181568441,-12.55078105959294,-53.27258968182123,20.24599527772895,-17.887337146954632,-16.225502917206533,-16.98482013920556
29.008693427804268,-73.51369386003633,81.70135590403872,-27.66736512256092,6.127885608692254,-66.57564707965231,31.74642538113774,-23.44974199739057
19.843213712788987,-18.39589417593361,49.42762089769578,-43.1637976759782,41.49784891988287,-48.246031757764655,35.3530867678768,-29.926087388590915
68.59074681167297,8.048512264270327,94.80620966380883,-56.19079495872382,-35.559088860426506,-73.68874392173974,27.141743994856796,-46.343962116028415
-24.35157265954004,62.5718569847878,-73.19413086944198,9.210371727397165,89.2011409061455,22.732950484782883,10.897375627970852,-18.71633413026027
-40.534014128203104,-18.801386307392672,25.89279110369108,-18.40746239556161,-28.044860036965208,-31.24682369501718,-7.4440413151295814,1.9734688814860064
-58.38945814234909,-4.146396518504228,-56.551393086456294,-2.386684446721745,-30.44059099394991,3.0777941797690374,-38.63016991448306,-22.850639582487787
32.39671762610558,23.502116598831332,32.49616651274387,23.891801213708874,32.86053713412444,34.67504934482689,3.531227883585018,30.329181162925906
-52.23705621653242,-75.40468614171417,-76.00218521399351,-66.13996543345642,-90.45348594088456,-53.503060121905186,-41.07436802570456,-11.551519550471525
-12.215329752808794,-47.66384626040937,-43.330034968442654,-30.223278688351293,-44.77146807286527,-36.8636875746982,-26.838931814548683,-37.28531404488417
5.215097491874231,7.994850470384159,22.369803924265966,17.95070805552691,41.73074717414084,22.745805322232655,48.77681778106091,-47.125670847529314
-11.705891129344247,4.8027044017643306,-19.31418451547378,7.708855697144658,42.88381207376446,63.363360472879165,0.46374206913272076,48.17919861689468
21.10128152105096,-89.73783553456167,36.2834381726984,-86.97075536492467,66.03015904852285,-26.237287850391144,20.184540829410736,-41.45731789216576
41.82842845162634,-23.906379624529592,-78.89274519287096,-30.50320828445344,4.8053370565730855,80.44350203124942,-20.719043633100277,12.648799105169836
-75.12967792872217,24.069796540113245,57.69638650030228,-8.386385282910057,-26.200818173343404,-44.34882440154029,-5.150800116877576,22.40795785400927
109.88902629965777,58.12560026356959,-38.39853035065155,72.93419516124607,86.42663618090118,-57.322036791458146,30.60690551837976,14.134674570495065
43.27487555920499,105.35113248675673,29.310685105345094,-66.68698003590565,105.24026328294927,21.297172300402764,16.726284845741517,20.911261557625494
-23.206313481562937,-42.40929528674412,-24.119482465319727,-43.99926940631727,-35.96908681434349,-17.344646909427354,-38.835267630984895,-34.58121392726575
-34.6077938994286,57.91057001963343,52.50960246687362,34.83327490105898,35.113680181098516,-10.61029581144707,3.920337155660789,27.37033744416125
79.54032404914301,89.86227188262916,-102.70924585958356,13.093407393962647,27.66500804644545,-57.20560962368334,-5.556797830113993,37.19632161994596
9.840795722697436,20.160963336161913,74.68916917904804,28.99058016752757,32.071651959638494,53.970243555776854,42.483316476028094,22.89503848882653
18.083486523457015,-49.703721967681055,97.10531764674646,-22.1784003874812,104.59952530587191,34.71895198114147,40.12270017536537,14.237211344348609
27.362594088398602,-112.45585268667936,-68.93706904415458,-115.57908846722741,7.457802378224337,-121.69189834104763,-23.54104625402751,-28.774669192386682
26.984835044037577,-19.59847977493978,3.5085651244950835,-10.512065223584152,-8.494457991632636,-27.22750306091568,10.238640768595886,-28.01548067235298
-28.621089086948853,46.88336966090385,-12.439779591918592,47.255324957742914,-15.436075909037712,15.532462068656292,-20.165903315736024,31.996404134277768
-43.137594444985346,69.94532350567863,-82.17575454265078,38.28488648227008,-84.87748653666863,27.66825448066635,-35.752598001980644,20.904142609663893
-28.436899383399897,11.85599453312899,-29.83488281082383,22.480314390101174,-23.66974113602174,10.722159198257442,-24.53561508784654,17.767430536523392
69.336640687169,68.97981351891966,-61.18019645962476,89.04022246278981,47.445354058839165,-28.402138243842423,-2.8286834612506127,34.06357730270949
26.216175771366746,-73.8420772764397,-65.46601487998322,-65.95974750379565,-102.31425986734507,4.860389682178923,-13.07959951366611,6.288099337387244
43.58176253701473,-0.33621377320549406,54.607329727024265,65.28383873150624,38.75758809559558,96.32709549618772,-23.95174996753645,44.742553960992765
61.7401089954781,73.96865306921916,-4.845404195793245,-51.830360187241,-21.900164594308134,84.67503809046245,12.237435406132093,19.636565053113713
-48.23004058460962,52.22827340540667,44.300316329324104,35.73902370258422,44.4947097660588,38.24333273225053,-2.635172511853135,40.223893752808095
57.30959485091805,76.56085446084273,73.9672802846537,29.83511333725422,-43.85637108334293,23.09752003312229,14.5664010530447,34.98757856375964
-16.71353418325814,-53.11317285652005,-29.386952357386097,-47.31643158829103,-16.987726334071823,-53.36142245501271,-21.827997999535754,-47.54239097156449
-33.36686171446981,-32.53227629856375,-29.290415346443258,-40.8027446699479,-31.509220571961144,-43.07807170225159,-34.25238258906643,-38.12600348762008
45.61856632818898,-39.25960850468966,1.7696669977501973,-81.19022759380364,-44.962263460341134,13.209209070340668,-7.883806149229258,-27.191288518774947
43.57582629646251,-29.81839427146788,70.95807096032969,14.919316344294845,59.45824864175621,-26.251177100044025,45.24279676512843,-0.08863062711979097
-32.25534781514643,24.234344760018445,-7.803787384368561,27.662312736993428,16.389584583776664,-0.3324525453522659,-15.870760135915177,-3.742424306507864
-16.741694545479994,-34.986125352666114,83.05805569627755,-34.72646401278353,-15.778118956698165,-38.33495879268305,33.13244547364836,-22.646302142290185
127.2375660143468,-38.604792486509076,30.849369498961973,-108.43419060642705,-42.24152565620746,-50.27894068092991,40.86104627757449,-20.819434200969912
36.19709910049517,-12.61543857612824,34.374605061657896,-12.785423763265152,37.99121256095153,-12.86458528015545,36.06480588864544,-19.667850291407653
-50.145309376885855,31.392439012235325,105.27321423137818,90.13528009619986,-6.963447754605401,-43.536467351118304,38.27056671931042,32.449987700416045
-17.25012575767842,-17.460564147657163,-2.1929551452521885,-8.069309526445231,-17.835982255875212,-14.660618556520193,-8.839282492298764,-14.165093761389436
-30.556744650667834,55.99118717496528,-31.868268877024224,55.58703084408808,-52.066558096296525,-42.13126611584277,-14.205065987550014,0.9905799667241695
7.566083521544908,75.86899758382322,-12.060274596593302,-0.49060859019249764,-24.902606230225476,51.26636899823698,14.1250204186059,33.47153619352568
-17.331285211351386,17.58435209170948,-17.718528314993186,31.967788095204224,107.9197097502129,31.162090948375198,45.06651788715358,26.420003371122007
14.43159251367917,24.80570287339582,2.6958350655977847,30.22598997580771,1.2489832961970615,54.35865945955054,15.858844830613819,43.15996651329249
-10.05709279088102,-26.500253590128132,-56.65237355768813,-39.28739222064914,-20.216269407090355,0.9352450509026122,-36.68487220626987,-20.77448487582908
-27.106768817755274,33.17679986375104,-9.343804113972167,22.496938128773092,-11.090744196722932,52.272103044720794,-12.569186241361606,37.25134248110528
-36.40324262635701,133.46181710334977,70.69998742222091,71.65198891597691,-68.83404943887166,-19.212691374446727,-13.815644496121138,48.87991013670893
-53.18938950546706,-20.94899288874346,-55.3400152178921,-40.46882790346299,-40.269876723866474,-41.78212613500976,-46.94738862164404,-31.495487627584716
30.280938356844928,11.219404091436344,-22.75353342432171,-30.316995603227017,-23.698721641531698,4.907683475864437,5.634506936167419,-11.916903533779866
-10.106541576692324,-37.87252899170533,-116.6343292897239,91.39982124542627,-69.32414087869965,126.45614681353037,-43.94903101132619,42.77132126619355
-11.428755244865028,-35.93785467792666,-0.6350988943658635,-53.445080981681144,26.58565554691241,-30.678586410494706,7.950161824641519,-36.053400126029366
63.98434165191523,50.7009282648785,-14.792745234140517,-33.017070535751216,-59.599223231182684,-19.840002023608875,-15.657888774972882,46.714159824523875
35.285451632789545,-9.415040275195963,-33.371395121991895,-47.28932701862447,-93.33266751081837,25.598995670440264,-25.7650487387153,20.067159965596986
103.14825005511481,1.328166799489528,106.39673226702304,54.74594419307045,5.309158617623505,-24.639586101543944,42.70200718275976,31.810623485015427
-65.00593765753572,-42.72370737919542,-67.16430498594987,-36.68438923619943,-67.97422583601949,-30.535108922542147,-38.08313875320138,-29.695453053016973
-3.854752234608563,1.2285441927322847,-8.948422930324362,0.17392332205829034,-3.181968213037773,2.4608312129327707,-7.021697136563873,3.7487793278010244
-98.93210532398986,-38.13813612213464,-44.14751220956133,43.29174536492694,78.679212789364,18.267621127994822,1.515123277320761,-46.58528192718086
35.573271830559726,26.564866088802372,22.71610249854118,18.54764215339152,27.362204796370715,24.685632890227694,33.93323511223467,14.886595549947018
-103.36875224641311,52.31262476205289,35.66731149169231,-9.031782433277389,24.229195652977566,-34.8808378359089,-39.522687752351395,8.783922805167208
-54.15895704715212,12.936586128937877,-56.811373207374906,61.491509224015665,-55.10986082240803,63.54581813670368,-27.648850763413403,38.76774432959719
-36.20365789745307,-38.04499269791612,-44.95881334801259,-27.664465730989885,-33.930839720921696,-29.353045388767598,-40.044294938381526,-32.39071833601787
-10.533136363910813,27.76109581738161,85.23568649256308,27.41185793810647,31.316813704412684,52.16620785667669,37.22237388762336,-6.139202262803202
-49.227093734753126,2.013440306454412,-53.0024663773106,-7.034982434788376,-38.02791132810406,-73.91712047093797,10.131089825614346,-28.00821660883773
-82.24010273436838,12.352620581306816,-83.68901859202208,8.418235200761377,23.31350699130669,-26.19083202812766,-30.34279102972518,-9.351055005539045
-7.630447182923035,-14.8811996116536,21.37809889972359,-56.506359965034314,41.23050782153447,-44.0627605949526,17.518488634184493,-28.27900788124055
-135.4889553963814,-72.91285111439399,43.58884691603097,18.024044819461842,45.85281367114179,-86.86937440121932,-41.465432504571375,-36.272941777072155
68.73104329588408,-18.451330527835403,14.659472702020981,47.167861153729774,71.55686517431488,29.417293288103885,33.542396223245646,7.646293363758694
44.932267093696105,34.563833254367786,43.99640414901531,34.7148132920512,33.75800480804926,35.243276069367646,36.49606831383852,-10.244185383632953
74.09518577755307,-11.568038669524588,74.4828653328393,-14.03781874351807,51.62366573090922,-47.61042936436064,43.41633156837803,-17.455463340363117
-15.806435528844867,14.859024622853958,-31.074741770038816,8.261134624188774,-17.86400750926983,8.74482144522722,-24.707448673074918,14.449551407352061
64.12595032806185,28.794262475705594,8.363184057698255,-63.631849012503025,56.07126457000739,51.30808257633503,-14.743640048114969,13.334996114805499
41.31221946446597,-75.15357799087064,63.64970704637493,-25.387239213551045,-72.37456736367476,66.15231096886603,-27.722074875269865,-14.326253520180018
-73.27743234244319,-38.39918742492669,22.729013381899502,84.36854880866713,4.976126276383276,-64.726926438869,-12.450318768985,12.959916265600512
8.124273362821178,-32.17409850266898,-23.865380619089443,-8.89486405374547,103.84898212136633,75.42244550311342,35.85592133572662,39.527241738217484
-44.11714371024167,121.2931725220084,-5.603854254614866,109.77963476081787,-6.356069097519302,110.20099977285815,-48.49867846861666,36.588613232839435
48.75264444027281,17.417736926545444,33.86678161155219,25.288468173953202,43.96836618795576,25.44765652283249,39.04461203571357,17.088102071678705
15.640807067140388,-40.8148418065942,-22.501708273070495,1.855409112320655,5.262701127683768,-45.73963407860986,-1.5693441979927272,-17.816821425640228
-26.67132622686466,35.281871310479886,-11.885888718181217,47.36471192816639,37.29469515440047,-16.143125032645905,5.96812632670558,10.387078751504262
87.852677979654,-20.745604192261617,-76.4987878794032,45.62856795310768,103.99329294019036,94.04702799726509,19.77641153913669,47.37783594303059
53.80040985129362,4.103505315429503,-14.385228192972312,-35.36502002503607,0.5654934930713081,5.707500884670683,26.215286072591013,-26.889139876587908
44.70690859196618,-109.83276599835706,15.343216504474118,-105.44729164655158,-21.131089267650527,-78.34070550504433,41.34922703159425,-32.27461647347385
-47.045035037996136,-41.56927105651989,-47.20863597062547,-32.33322896595048,-35.52329796272185,-53.10032998155927,-30.614728467497486,-36.666906635530296
-47.810135853779784,5.865602302797389,-47.02290799135118,6.524967876016135,-45.78434225327438,6.347769203620059,-46.56186623931563,5.127790199634205
-53.93367095740387,71.66084435392891,-82.35219173906512,52.88988756909716,-64.89143727363715,-100.33664393406998,-15.690051529525498,-17.12007031491956
-38.522315418378895,87.55368243788904,21.033932876433003,-61.341738190535544,-129.05622836926352,19.60302246068402,-43.104280891711724,-0.6326248155533278
121.34919690244375,21.28884027939835,32.17727364501444,62.462380223838764,-31.666092239697733,11.01396249730701,47.38314385388395,-21.718387252280834
-57.26423863129149,-0.027528857051518002,-59.79940641729899,-1.7689353563676642,-58.62817557210397,-0.8885823764415869,-48.2537954985233,-16.023665615474904
-43.08610779001934,-80.89525563751644,-35.976208361120804,-79.65575989935864,-27.722126080526508,-75.98748099350054,-45.10217951694284,-47.9120629007173
14.627064465534573,-87.65696191933154,37.1909375031979,-84.66321990866095,57.56576162462788,-61.828187977839164,21.075447785126585,-49.799324991780416
76.0432467609138,4.403455550998581,58.256401601580286,60.62577683987763,12.11998603466089,41.34008589765701,45.73616368863388,25.726370677598595
78.80901281383402,2.217954002585018,38.704381256542625,98.6397831701195,-68.21358665369016,85.97129891921459,-6.566154145197409,23.262934630010932
105.31483663902353,67.98465115866136,111.20306476452538,58.900326893495254,-4.09372997497326,89.29084586289754,39.004955651177866,18.966259011783265
27.78889329058,3.4553669594866103,30.736927130974863,-22.82365443998817,26.043678117759534,-0.7153497727506517,48.24462475559925,-7.557467089642486
45.812268522380734,0.1797538284244415,66.35753713966584,27.13709392979912,21.579795602967245,29.339132048467643,43.70970051937016,23.081688654576794
77.34463705511513,-38.94901652213563,-28.984733473217375,-118.3149589899506,77.89986550607422,-31.54018904514302,-12.967643120701197,-28.855530839780698
-35.65285334717649,-33.812717115181925,-17.472611530027034,23.112979888258273,-68.66519910297815,-2.1160959100566425,-36.89177762705117,-2.0435818097191714
-9.735191832777828,-77.7527650273057,-38.99091199805802,-12.237337727998227,-22.04440244005564,-8.797774907803436,-23.615589024230122,-44.67324352028286
41.07228739540698,73.50544445532162,-20.54680833791598,83.37983740060605,-76.69996403919357,-12.674565511213142,-1.0812919921087598,7.551348188569818
67.88912234188021,-35.9256239977208,-23.94752535433169,41.10886971802653,71.92409586602885,18.89172139693826,15.969476845558574,-4.537002405820068
-54.09007660359293,61.94630455980378,-3.001846517431805,52.52734324566749,-132.66245301177375,6.939145110154341,-45.39440802271037,-34.104482048644634
-31.491293941035824,92.31324062868185,35.81149564791947,74.84039893210765,-71.27198357607962,69.14467685215634,-14.864201519620643,18.00249197913088
-62.338296819760465,47.93896778219312,-2.6210857908818515,34.02704088612484,-57.05642287266466,49.67706631577461,-42.728752036650334,-2.957419934546323
-18.49462681398737,14.267784841109796,-8.332824236390104,6.126863583200019,-13.695372481517744,17.843406288671137,-12.541211959393273,11.283777192597846
-19.673329237907723,-2.006524176084863,126.2537025249021,-25.69754923542283,113.79785851501103,3.273586285796383,48.75484470464066,-41.8319333568421
29.991665748831355,0.8740553147618804,26.366568756249734,24.920653207551087,22.55606017628146,-26.271785334306653,-33.485183675529996,3.6142114040677455
38.62203940219195,-57.712399449279985,45.546440920047075,-57.041104177817346,35.35298588444535,-39.084572253731686,41.1543461940452,-47.66694326791849
-12.384673737245588,27.510389258017344,-40.39672216483656,14.762696134545836,-25.163213144527003,29.508742524999462,-21.581337945785773,10.567522143473177
-3.847738720223974,-41.51209804614333,58.415861809512855,89.78667380147041,45.75336222179307,-48.44573501649121,30.386788373324222,22.666700777635512
29.740862012451135,2.990436206486021,46.94053253019569,4.327747931503359,31.56408267328126,18.24064506342735,37.85135930600191,9.737904634234503
-13.012859825249452,41.49184900092311,-23.597396443676548,50.6090002792772,-12.80380168510174,39.708677466943755,-24.23921011069201,39.18306471634301
89.88805800718009,-1.886527090573564,-50.280061153190616,93.37114564434565,93.651792951516,19.271584106179095,5.144246534487365,24.181934122044808
17.23694524673939,105.01632104514812,-45.299209094224665,102.14484236138327,6.529250043510491,-74.99068783295743,-10.061089988558614,16.309051231821996
-5.345064966049661,-13.575895776170524,37.54352031599491,14.447380485617996,0.9308741814104687,-1.4195373151807893,33.260090091189355,-25.786314443737922
30.695866899596506,-7.170675621862118,-76.04950618868692,-35.330487243893984,-36.47302589471939,13.397607743976407,-16.97369496367481,-42.85743911315944
-24.031296275839182,-37.68086467941501,-25.090977165634275,-36.30997887151968,-24.22133338652025,-39.149559981671146,-26.112853048559217,-38.18974341475628
44.495877850039975,119.48200949390684,14.738080775273144,129.03730753550576,64.28130734926583,104.62061764566124,4.443754737730401,45.719460704544346
-110.23978984507293,-18.89699889858423,-47.62570275630044,75.32347998424636,-1.9656249649046948,-80.53668297972428,-30.17049304179943,-4.178370514439088
21.537918349913344,-64.4100407451174,30.498905794331893,-36.589300075172446,-11.223752680148518,-59.0006016727247,7.962191699680787,-44.6790557589565
51.0272641399882,-2.165849235022901,41.04690323038226,-6.181378191737762,42.461107434118325,-1.448715750198622,46.447776014501216,-5.230712570828253
-7.481181990690433,3.743306119880728,76.55068331322286,24.459373149371,61.08128884301671,-40.880450633986975,38.239087780172056,-0.9774309493648659
9.878904404314845,-36.333923397642266,79.96317352837374,-51.81143745100943,10.118202663133763,-37.12423633935136,49.3873047807664,-23.79281470719289
-34.276167913809815,77.99183337239955,101.29570523280573,2.169362369006035,69.979719583492,91.40201665558925,25.427261223053605,25.6208784427985
-10.639532957090069,69.29452340900595,-26.12372512187457,-85.35235915348203,76.19596621746405,-47.96678860295218,4.442992030430467,-10.302192106082956
-6.84151356129202,-26.74210401376866,-6.604495631201225,-26.829784297639158,-4.012339409280699,-30.365941610693433,-8.025126845446493,-30.575108242870908
-21.55148343128609,-33.82045712201887,2.6351112064120477,-22.880050219111364,-100.57359201435045,5.042114119631752,-37.48270445663403,33.55867708640187
-30.154411800989394,-68.69387079604915,-80.25782236358803,29.6707054145426,-2.3462290984805874,21.688204033400066,-45.439481471037446,-14.53459722938949
-9.733688641153039,117.13548719978843,15.96312958383948,-50.23530487951272,-93.20689023198362,97.07691710972165,-32.46465058818788,27.98241164574233
-56.91608459824823,100.85032807649424,-83.69661471639161,-34.19713767082383,-43.538274596048815,108.20289040959229,-4.046004794496092,20.19880406750893
-80.6191929020448,-49.74843970170704,44.593101945805685,27.74291475178084,-58.957586747533,13.539565078322706,1.4479941584029348,-42.47398947086245
38.93881394025274,31.405288372470558,14.109314823670266,47.197456569266556,-48.80141796819239,21.487877744051186,-1.4287270118108282,-4.654896676735689
-71.43812738209357,38.99853296616882,97.30310233043738,43.03778230420131,96.4847076273782,22.82560558775975,13.048709946339976,36.367620063499174
10.244020287464233,-41.649249198645514,-5.260342988705088,-18.944265591969035,-6.875470489028551,-40.68010869042977,2.2809565018677063,-30.440355404605036
-74.7844469159722,83.21320532011212,54.12504434818995,-6.984196190246165,52.400918757834866,7.193326606981988,-45.34854665108984,-11.937991697771885
-25.351707562866046,14.255425726068239,-23.887297429830667,-33.017301064779794,19.44085067375224,-37.89160450557155,0.8266566207051937,-8.581422196861311
-9.066156487982548,-21.65479285678711,-9.122675420822999,-21.417562736316803,-9.325039978065996,-21.930313041624018,-9.353924806288973,-21.627335182976626
-0.6099019651178963,-16.34753853255827,0.8203709419365365,-14.506443098954062,-38.87660385173902,9.097475563884835,-18.127030002654156,-1.2066793306471837
-33.087612739255945,47.09584748941865,-34.83019480815027,52.74731186547659,-38.78411736535508,43.05792005256928,-38.41735380093205,48.55716304081106
-11.064337400272123,-48.61997361516644,8.531432089927032,-44.48278513744699,-13.563836852231784,-44.211273529109015,-2.4758527780807142,-40.86931467467032
-20.784822889030274,-8.751836313030248,-12.24679402943496,-22.418147356060942,-24.436174083488876,-19.585592344859226,-17.195202876596113,-16.00191556725646
-44.25874666577044,-9.2426306350876,-23.68960591493996,-26.337518039328902,2.019718982610326,-2.169107818438036,-21.565674729151052,-2.8478746181810806
-28.770145771494338,-59.98427102081155,23.97433620614274,-30.152360074072458,-90.10347868181944,23.46821838825045,-29.840469392019962,3.4984800383224908
-50.91051288607529,15.838993356506599,3.047355327899299,11.163437984723428,-55.59084499314063,32.58177933214807,-22.250268572948784,32.91934761932659
68.8902091338591,34.349832272687024,-86.16082810337114,-75.87629075866641,67.6902931949447,38.052098376090484,-26.981371566644373,5.031336628997998
8.622953189769925,19.611843980492555,0.5985398933585622,50.84438964476568,44.631120905008494,23.662723620455118,24.515777668498288,40.347445036757904
-61.113000648865004,-29.726560224601684,48.695114006564395,35.9527634251428,-56.46981096612277,29.612927506526844,-1.638543537310035,-4.531003037277692
-30.64011319328259,-20.885270711127646,-32.693149989518226,-18.63285603527742,-37.14275180903325,-25.364851073672202,-34.432150446716925,-22.336747924687582
-33.2485070019205,17.75323496804571,-32.99201644033897,17.681753759434102,-33.26820958840708,17.844439360529208,-33.09499471130064,17.8577659299676
16.263768663821036,4.226318137333836,17.00114647569368,7.373789741661453,16.81365517856092,5.312377652413317,12.528679602169113,6.787493104159779
107.50997127394602,-97.65964344176071,90.74326614154246,44.34191176573629,130.10521308280528,-17.203202882131002,35.815048267156726,-34.139212692954615
-116.51747596315774,-24.61538769137698,-68.91290953020791,-66.41348035811274,-119.23165685807753,35.13586624153349,-45.19818442264372,8.579411952069393
90.95914018384936,66.96538917982912,99.18556678671581,30.273603665191697,-47.41170285565459,-28.78447388060448,13.95220876376007,30.363155172854093
-39.19980344788046,28.253799271722706,-20.5250897036822,59.84243555771312,98.76481892091878,-61.0675793200677,41.568490269108366,1.8066368474626415
-67.22181756144802,10.271855878346438,32.3851381781348,-66.12677588063107,12.027162261823605,-65.01967816718724,27.467470318645383,30.59219315442502
-109.2468680863206,-56.21136205984327,27.95277979954113,-43.61953749120728,12.41326121074017,-77.6312647572395,-42.28713671137871,-32.14707696959513
-30.07031617969594,56.11776584172326,-90.85885992649817,24.253118106709216,35.09897368418453,-0.0015446342014071753,-32.69362440242646,-12.832020325499208
-5.626106694938452,-15.404501065097842,-1.4174368477052797,-31.16165812350307,-3.3942516347989695,-33.84930312694493,-11.914410830134457,-25.520587905835345
18.727619822545595,-48.89768514895528,-14.530926120052715,-5.977827225395406,75.39966318081119,-17.280652960705154,31.299866175167196,-4.800615072967894
12.335076109932332,-33.827015638842845,-18.87683962716065,-62.69046071787139,-94.49908395227082,-46.11553638704325,-45.3671918893787,-2.7434802677579384
9.124944312978503,71.97990296928515,-50.61398998972418,84.05441467145465,31.817415673464374,30.96028393540156,-31.951900102600483,22.465475750283304
-81.78266871972892,49.47087271036639,-6.270819936610321,13.440470079020253,-87.3993796852565,13.961247290232356,-46.76367599845322,25.713428107702526
9.622375082960723,-65.10085285786886,101.7834290749456,-14.084637630630622,106.54786192091424,68.64600569398513,15.854294954097881,32.36522950183178
-14.016697087611085,-31.622987479131346,37.70997206185529,56.806156224982786,-126.63303368336295,78.7221105310227,-47.20446423872154,47.1491407597951
8.065926742363148,-20.640508489721356,8.228295372331322,-20.694538941112583,104.8634448475937,44.34860731064721,31.37005824280456,49.22579290222244
2.5343250735407428,28.89882186953631,-2.8430620136566502,62.165051901283626,-16.848619664765536,54.09328449090626,-2.396894264862773,45.16688136428367
19.07685596616348,-69.68740572242412,-38.02196231775194,-1.6291264401888759,-36.14263145428272,0.42698070116290665,-4.068048764456059,-31.114953161675796
53.61966306146384,-23.789044469248566,14.770476772288964,-13.664704842534498,16.120548831987044,-22.108607077624313,35.242114331756326,-14.740527352517333
-1.9446850568773533,-11.05545348647543,-7.409328956569911,5.976148833664586,15.520385514580957,12.00970278624463,6.1721164863257485,0.9296567753835348
-7.773085030285138,25.35208783125956,8.80219683924085,-10.920171448940415,60.782164626697586,47.11894368505132,31.238574785747105,21.280155872790473
7.900573082752885,61.0511709390596,23.093921749490228,37.985792077393405,20.775040133165724,36.68953116548683,15.22008299597914,49.32574615921054
22.678315696476083,10.27540222921925,40.809209384429984,5.781208702591142,41.03957408603754,16.649904327615,32.57247105428792,11.374449575824151
21.872306535575433,-13.329119061188928,74.57324386043166,34.43699361660694,50.76987378733357,-9.480864336882174,30.823783325920857,29.759259086933724
23.48873217231862,-1.875878784906972,19.991443047088367,-0.2132509661191438,19.798737518972686,-10.102246259791526,19.791658877292832,-5.145566580960889
-86.40680584228838,-57.96213584384826,-93.53510726850111,-46.110457879195536,-42.491121397593986,50.18585238074612,-31.91216520975364,-17.10171313557133
-27.40880127988708,-29.27364476590897,-45.25408898415648,18.90872272091976,74.59490849932216,-14.437120246664627,18.238830101757515,15.022090273557168
2.161219909398013,-110.32087786747758,26.770226164167404,9.770761386433934,-3.439121203010551,32.086764425073,-33.64506314383592,-40.40716628821335
-70.28810142482077,-123.00516445475411,-73.49007836048276,-120.53728386758468,-6.971622526915617,-141.9678350653566,-12.462778978102207,-45.160841912410255
-15.773371438768544,74.90781572236017,34.35947071662806,56.25445764878626,16.345129142435468,-33.464545798420666,-8.382605137756705,18.153530728928388
0.6651464200881048,14.713924430436736,51.949275522413615,-32.16355830732072,76.1286966005718,-18.985053906532926,44.179917468520486,10.829745847144444
-77.80581140246674,-32.74628481987593,-47.82197751392465,-48.708716746795844,-71.46544854842516,47.63518840294216,-38.64587462310121,4.613752692089754
5.852207605131136,-13.968506965120666,-90.3049681768593,-51.115944836481205,-24.353833921901025,23.167214207172826,-45.25744568796151,-24.692719343852875
2.5858399237467213,-31.80380155646741,55.28360567800854,-18.626059621527688,36.46026757144524,4.287559409874584,28.068417991608868,-21.778392842683893
-36.60918476673794,-35.923673641691934,-33.53434151186465,-40.31089766065294,-33.844961432512676,-9.16374572480551,-15.650224915762465,-24.55016529279408
-34.12280641783766,-59.414459942873115,-60.652846954370325,-29.2867958934111,-53.42027505420905,-49.4539693329394,-31.225212549678783,-30.13057835693298
4.22393364512585,16.486682509356793,-17.365651013305353,4.3435927922691,-15.4687254835137,7.768133870358316,1.4358375118545865,-3.831839461496287
-75.55035407379503,29.816114785365645,65.90507452143632,97.2415777444016,55.044167882401666,102.71488995285002,17.92749889248215,15.776821197352618
9.366819689978932,11.696965173798002,63.562719794452605,-11.500335971346598,44.04378381541873,24.79520504453137,34.92307184675954,-3.507641347017298
-47.02383089751425,-41.52022459670309,-42.65505717145662,-42.21876761188382,-45.09225204380953,-50.34122581166116,-45.462820543157875,-45.802916932602
-24.362429694436525,58.23903596632601,51.07255757910095,49.07070711294494,-34.9802454189736,-2.8088066003462067,9.375484560792245,20.90780610362954
94.72521026653865,23.46739116837205,-55.606591090979975,-91.3482159081485,102.58382889309402,-67.34966090498422,15.875291822055331,-29.132575882031407
119.89794793071098,-3.1650758551668448,125.12220215775844,-37.93973012761127,124.21042024852025,-45.093298389779626,48.39219389883348,-31.688846358615173
-4.152340063107069,-1.6716387845867628,57.15389443088027,-44.614513394002216,22.454963444997407,-44.11248443533762,40.39012697638876,-3.314070889267903
-40.3006753896151,121.81052995217571,-102.21841310987762,-25.361078416033163,35.93341072158602,-56.65829783394895,-18.0057036998324,25.80965204888372
0.7331760747017182,-51.76817654562062,14.708266183555523,38.75573030557397,11.371460268883876,-55.67639692649509,22.46992596851473,-8.782599968606952
-7.15370952973004,30.739259861268067,-0.5913862066350373,40.6346525847363,-7.65889747971606,26.467313142786743,9.881539420841769,26.570372006171638
-23.688872771316127,44.520434955186325,-15.856205906377767,11.62359853421751,-12.283834300910566,20.52535765485802,-35.04881233290411,24.442704630903904
-13.826345186315322,14.353839043643347,44.35629433422937,38.03011380437369,4.226638329434635,9.362249259739647,5.714441263778113,49.698111402182704
63.405813966247145,39.24390349912783,-16.255317635173846,33.89534539998012,51.98439354494239,43.78467405806648,28.22174826165869,-32.81172956776368
2.5489360744966194,-19.451858924338367,-53.737384267895806,10.532218901595234,0.9831647150006323,-42.82941956725292,-38.3836911143036,-28.46697345597955
12.332033025301156,-45.14922024263502,39.23084964450653,-27.316883908151137,-1.1240702238128732,-35.91804427082125,17.309929511087432,-23.43634775394322
-24.385735445758012,-93.39277704746716,3.4704745082333393,-115.3815159272973,-4.322361441600179,22.26042445824621,36.885516947307394,-44.46685996113629
80.74190492523753,-0.2597409659204968,75.2370401675252,83.1390539670785,3.817414347037526,-37.217327512997635,15.36900287086796,37.301795158604506
-21.22892265243094,20.304111660568733,3.292362084715952,70.76920682851258,18.58034746296646,-19.490030391691395,26.530735942020925,28.278624935740453
-3.01484721238283,-2.8882104994359117,-44.66030000871147,-19.269426850624253,-77.55031986040956,-7.962197108403731,-43.24966474227947,38.27934802199134
57.75765941956748,-31.5190801692309,-21.172102561076464,69.62621372021928,4.629584595063103,-30.16818012528071,32.734379589241286,30.343654326917004
-135.70735387531718,23.24776755468268,-137.94122172260595,58.544069857402846,-92.68791450846501,130.8483079596572,-39.432286789373016,47.154554902037475
11.368471281986848,-28.717365107540488,-19.449995731961888,8.5866206540686,-38.69830221942397,-24.63770691936753,-12.903275426055082,-17.38526701253864
110.90202623410943,13.850284579722324,102.1090610992633,49.00709208228551,-55.708212225513684,46.50562596659038,23.78615958353346,10.740610782102813
87.05947344493758,3.181509097877247,70.26802100764266,35.09964320538604,-28.387829481353076,39.950874358445766,18.48158858509902,-12.528727263888719
-32.69229760163935,11.306547194446045,-102.7680802976434,-56.978183065527155,-45.640093014471915,-109.38733138823315,-42.53727973793184,-48.68533762531009
-37.294621292984566,-43.327790458714915,-31.67406618150097,-44.503246796960795,-29.900294389837054,-7.341096539323138,-30.774093927389778,-25.926443074495342
-36.45457530347471,-33.84252825550853,55.17261850987754,15.003182678063462,13.388329712555356,83.19026899367073,-8.006483448420184,23.162390261751383
-14.531825833534326,22.417496384191768,-20.50782320486295,9.615624402976401,-14.776543402395513,-19.89558342797493,14.409662375097199,1.0941663861516204
-71.3007038537928,131.98703767095722,-122.01914529228449,47.23195544254315,-20.48228076158395,-48.18249032646457,-26.208664441552532,47.457215390224874
83.45784668809358,17.57394467774987,-14.996697693995982,-27.937801163983217,-3.404909637630066,-47.25667464247735,36.513179988488844,-10.123604731624233
44.7724284295403,-53.33284504240568,46.66597432489891,-50.18675538155082,41.08006219246938,-58.60818326564367,-16.026232435666365,-14.672886325379949
112.14331987934267,26.13284833939582,44.22649410916291,78.86545331392139,16.391455146833803,-75.67183576676545,37.628397422081065,0.29074220993373956
82.6615729974989,2.6797922460416665,84.94382497681266,20.24174661544746,73.28606190032431,-13.277056345381835,39.70045549309566,17.187295385776153
-123.52336526870872,17.11088398863677,-9.725445573787649,71.32423996606248,-55.598895247696525,-111.96569293568082,-36.326490812309856,-19.411277016764572
-14.16067246942326,46.586612340068704,-8.151281810302672,50.58646184906837,11.84591068624125,43.570850481299324,-2.295386434510526,35.17540517442448
-18.304211165516826,9.8848053795645,1.874734600980338,94.3034793957749,28.60324613101772,8.36224956566233,6.444944864985423,48.582012102151566
36.288042538104925,-30.359917046301256,-12.650438920404916,-4.510787035782047,39.45681840476646,-15.485594580271059,11.845797302145947,-17.370991869117823
-87.16121025356411,-5.33146490459051,-20.304551199433313,98.52027616245245,-91.4798717770671,82.60636923780211,-44.77024647248944,40.80977414192081
-25.292979325149847,-120.43462753936629,34.59006187654718,21.13571065032552,-14.442432255024075,-117.78366069872548,-41.68014256943654,-30.0501741354129
85.62743844576612,47.32458467248539,108.19369771068246,-62.564193782842985,112.08680687692642,2.9004827405410123,15.990617352797415,-24.226674427808483
-0.6373675905531542,-22.683208945852208,21.71051164573401,-30.866882776406033,-15.60387311482471,-53.49593458179651,4.197646665474721,-44.09014789047635
28.316323534816068,-44.651866709787214,-1.8037226838601295,15.500165855502745,-11.18936773045109,-21.520371210041862,21.951308593905537,-10.217177329655911
16.407388879197818,-27.96265738973517,22.327884702305884,21.136614832269938,16.70798251016592,-27.589605730667863,-12.532127619143594,0.42803492651712816
22.162513834882155,-34.61842612038228,27.946503204988435,-38.173170628235034,19.956922480771915,-23.025555152842596,30.904930697255438,-26.950618404711545
93.61387369160208,13.123920148520586,16.29304726250406,-40.83481334807288,1.5222380529093142,-33.9425032003439,33.905332251455604,16.329556483653064
-56.604515539460394,44.6972827357623,-59.67538016962037,41.51777235494717,39.5859778585087,-41.385289400921984,-11.775084235607636,-1.9936191989540433
-30.797176760218324,-112.53474640104122,43.730790445351914,-116.90284503450671,27.29752263387264,-121.6270240287454,11.149540647349063,-34.46238580502046
-71.64900843197826,-32.125048987333244,48.709041618482,-34.62851626504107,0.030280879542893397,63.827917442774734,-10.844276989249899,-2.809511903372389
-4.44598489678066,56.36511160766509,-35.32243053029793,-3.3847166361264662,-33.00592505745158,-5.987209985125762,-6.416099766221151,19.555956352577155
18.199290292558544,-48.29711184407307,17.660429695252986,-45.6240925370948,25.85596176604606,-45.45683481767912,21.76654221179959,-46.183838318571134
36.32242529008206,39.738832257667255,31.577416407162385,27.66827141925529,2.3845943635753883,22.39783337057936,14.0030064704669,41.55645734188724
-25.628508553798817,11.612548898676003,-9.838260193393932,15.657905175073733,-34.63903220719913,4.031879385810212,-10.13738311402421,-15.951248371615343
9.929924211048647,101.47156733060271,67.87732128287308,-10.887701953955483,72.7892856408801,83.5514927437364,26.00161076106123,38.64392384844942
-63.5660041950842,39.55623788103775,36.70183817879798,-19.542698344252692,15.680722965425524,-31.154334862964443,-3.094171549592147,27.571234565597962
44.935920624972525,-44.36541421923925,6.387474956441078,-93.5059478118811,-26.535392423379765,-103.66052648028493,-33.602229225740444,-22.441246455648688
-24.895787431179844,-46.41929392600399,-23.39178045940604,-44.98069164223518,-24.71779311780258,-46.17696496918253,-21.302724359855006,-48.67768347852323
39.39951753047396,79.98536328528031,29.990134494576992,-26.09461437286876,-39.83345461531224,107.73574904570353,-21.899948712752593,31.955941171007495
54.91513375270097,35.816151908332145,56.09066162891263,31.772416343926967,40.45927361287645,26.63769642865039,47.52259132727167,31.48977200901338
-33.76687840735901,-36.574279473222994,-40.27664790448015,-36.02372074413527,-40.98595022621582,-36.37366248505275,-37.51872395714714,-42.3361924045625
99.00497306565245,22.87776918891946,74.44297590673666,49.79473107514507,9.57065245902862,66.17683075208275,21.496188385083286,-23.265374772813075
-24.393697454934813,-61.63900216018489,-13.504879290760154,-59.19024624289234,-87.1207132193287,40.72647095531053,-33.3097430561243,3.294884904901295
-39.789551828053575,-112.58698040342746,79.91497887537118,-126.10911167726924,23.165641973460772,-140.30273896038688,28.77546983123061,-42.19340878886608
0.9058369922549466,13.875983814143959,13.532017436844562,17.50647442134442,-1.7949354686600005,14.5661040876225,3.39077235622873,29.012974867798178
-30.704299681299396,118.90791933933126,-47.08791843083958,-10.59271164891128,-67.14122496413667,81.19534481164833,4.243712476924934,48.68927901592993
-44.248475486550824,41.712080831557415,-44.316292815286864,38.527247633555206,-42.316452288679315,32.4422603683594,-30.00768807154538,39.88803923232669
-7.578745055954006,-104.59571672806582,57.805751649540696,-47.32897201829829,-115.91173142043755,-65.01118595051413,-33.90237552658755,-8.608484037374133
14.969979119494036,53.557668770803105,5.668397686329248,41.10479903868094,-0.9162984569804042,53.08226040804003,7.115717038658175,49.71624772103095
-34.10377063164139,-21.768895850136474,-12.15343879747677,16.214532189597296,65.32951380593501,-11.73427673258807,16.515056914189103,-25.697226568045917
7.821713916922128,29.950168532806636,-2.9468337887212783,34.89099909406605,30.59232320767638,49.137031101296486,10.441887070164668,49.93783147757979
-8.161790320019264,-61.019865924545236,-20.088965728717266,-14.979635084215456,-49.520979096851185,-52.25697429811272,-25.515316707406487,-40.94687133149829
-15.352522566250416,43.38383645793751,-22.460416543051707,31.02031185938624,-42.217675528026476,49.406161249038924,-29.479551302203177,43.284179069994934
-107.26789560492755,85.63555634485121,35.98114803302722,-39.66342288553256,-136.20445079700244,25.648744933068635,-41.12921238924958,16.711557871345335
80.86096198542643,-70.482383352893,71.53160771312699,-83.64590543135883,11.164673751825939,-106.33638521844178,19.45943661766117,-36.80816957548119
47.113509449005484,67.40621775351791,-43.32643058992579,-24.180428790477777,55.18118744319033,-11.377875761213655,0.6255479743808152,22.838081565875427
25.979086844218127,23.277088683081523,26.168366665954963,23.335269299724988,26.02569776369893,18.597174010986986,26.52332505057828,20.94647714202074
58.15408695116378,-41.41377933515407,23.276407294655723,-41.53090479535799,44.29622283086949,18.460322109655806,40.60398912353797,-13.925705055046635
52.41844376289485,-14.046542085818544,45.65076669641519,-23.662373812801096,43.04023690528017,-21.502493779191582,47.991215196890735,-18.11718268175949
23.529624259439775,-41.07078078648318,39.12851123446655,118.38560105620859,76.36871902593136,64.82470039915599,-12.286368102439212,42.92750281890777
33.590005901474164,-63.111573635984286,-15.29242201626629,2.557863563493479,2.948677069046935,-74.09861380817966,5.504314163612236,-32.981850972308095
-15.144315288864723,-60.22884429264045,-29.828339827010545,-16.322476365052527,22.824998943380677,21.642634864482233,16.569219095607963,-25.21086510559931
130.10940597533767,-47.40277606508683,126.25041309579704,-69.1266085141389,96.43891633786797,-110.76263873673155,46.814662614175035,-43.79206893020184
-14.564539862752602,-58.88900494938706,-33.59046423128634,21.79276720861613,82.40252186471629,-59.20577555142825,34.09940938664862,-4.827582171817632
4.024380139859458,104.35167817055478,-37.19516772156866,12.610071791343064,-30.096364156189104,85.48958947057136,14.899148084904994,44.329009195042076
-62.27155214801215,-76.87745293973072,-3.4492947983234137,-90.42990377270436,-70.89447864349843,-36.796876614307145,-24.601958975932416,-47.804924253261035
32.32789958832592,47.84498486835889,23.91918159579315,43.81482600563103,60.18937305199251,20.76345120125237,37.77377373011183,25.58537351277637
-15.895600486527824,32.129153476557335,-24.65671528185543,-11.130192259007325,-6.090496737706559,3.338409920750373,-27.730317076383248,12.017307922727774
71.72447065975808,-42.21656030188594,59.47005006334257,-57.99166928991201,86.41107862850129,10.572455318757793,-10.810370935189397,9.167254359947464
-19.851250467501902,-11.510484913717606,-22.199428985731725,-11.236186378013311,-20.795857925187793,-11.696001976126482,-20.767752131064942,-9.232097725996233
36.655612102710094,-111.96559081438231,105.91947717052722,-40.850267137429235,-35.177450889835974,-105.50655482444415,9.092634759845353,-15.826492513688663
-38.016441270779325,103.9802063061427,78.05807969588962,65.12029759805965,-53.86449211065169,-43.952518508836995,0.11420194014431928,25.093424947118677
38.12368087325234,-32.570310389727084,71.44405622534086,5.117758490575991,29.46072318857995,25.505189609025646,41.87916176862892,-2.332974616595017
35.15738694112619,40.955051094036605,41.05157003100866,44.13624171648303,36.93915196351146,42.75672871741215,41.23602498338144,36.73588012427861
-62.07712265734317,-31.202707815541906,34.112787403477455,-7.700925312409116,-108.16028607207237,12.925537038541634,-30.461887510625196,47.935206981603926
8.913287704978975,20.655122588297047,-0.4184091646272883,6.488631035268213,23.56761509830716,-3.907124786364605,14.098056950583043,7.10694401380961
-55.22730245013096,74.01721669017553,-70.13413254928899,15.993942288497257,27.2231519426985,51.17562017618943,-21.788183532806837,34.49999993902648
